{"cameraMode":{"drawMode":0,"name":"Shaded","section":"Shading Mode"},"sceneLighting":true,"audioPlay":false,"sceneViewState":{"m_AlwaysRefresh":false,"showFog":true,"showSkybox":true,"showFlares":true,"showImageEffects":true,"showParticleSystems":true,"showVisualEffectGraphs":true,"m_FxEnabled":true},"in2DMode":false,"pivot":{"x":-6.586193561553955,"y":19.118436813354493,"z":-0.8103652596473694},"rotation":{"x":0.29215872287750246,"y":-0.20583848655223847,"z":0.06482356041669846,"w":0.9317826628684998},"size":22.602127075195314,"orthographic":true}