{"cameraMode":{"drawMode":0,"name":"Shaded","section":"Shading Mode"},"sceneLighting":false,"audioPlay":false,"sceneViewState":{"m_AlwaysRefresh":false,"showFog":true,"showSkybox":false,"showFlares":true,"showImageEffects":true,"showParticleSystems":true,"showVisualEffectGraphs":true,"m_FxEnabled":true},"in2DMode":false,"pivot":{"x":-1.9403810501098633,"y":1.2838869094848633,"z":-2.948105812072754},"rotation":{"x":0.07380330562591553,"y":0.8639451861381531,"z":-0.1326626092195511,"w":0.48018279671669009},"size":10.527162551879883,"orthographic":true}