{"cameraMode":{"drawMode":0,"name":"Shaded","section":"Shading Mode"},"sceneLighting":false,"audioPlay":false,"sceneViewState":{"m_AlwaysRefresh":false,"showFog":true,"showSkybox":false,"showFlares":true,"showImageEffects":true,"showParticleSystems":true,"showVisualEffectGraphs":true,"m_FxEnabled":true},"in2DMode":false,"pivot":{"x":-1.9403810501098633,"y":1.2838869094848633,"z":-2.948105812072754},"rotation":{"x":0.0332757793366909,"y":-0.03656249865889549,"z":0.0012625623494386674,"w":0.9988011717796326},"size":22.247861862182618,"orthographic":true}