{"cameraMode":{"drawMode":0,"name":"Shaded","section":"Shading Mode"},"sceneLighting":true,"audioPlay":false,"sceneViewState":{"m_AlwaysRefresh":false,"showFog":true,"showSkybox":true,"showFlares":true,"showImageEffects":true,"showParticleSystems":true,"showVisualEffectGraphs":true,"m_FxEnabled":true},"in2DMode":false,"pivot":{"x":0.8892574310302734,"y":9.990238189697266,"z":-8.586233139038086},"rotation":{"x":0.037787843495607379,"y":-0.021571926772594453,"z":0.0008783868397586048,"w":0.9990912675857544},"size":25.599233627319337,"orthographic":true}