{"cameraMode":{"drawMode":0,"name":"Shaded","section":"Shading Mode"},"sceneLighting":true,"audioPlay":false,"sceneViewState":{"m_AlwaysRefresh":false,"showFog":true,"showSkybox":true,"showFlares":true,"showImageEffects":true,"showParticleSystems":true,"showVisualEffectGraphs":true,"m_FxEnabled":true},"in2DMode":false,"pivot":{"x":0.35708892345428469,"y":0.8690366744995117,"z":0.010592417791485787},"rotation":{"x":0.019438404589891435,"y":-0.7047427296638489,"z":0.7089910507202148,"w":0.01960599049925804},"size":6.201456546783447,"orthographic":true}